10.2307/j100005,10.2307/j100614,A publication (A) ceases and a new one (B) starts as a continuation of the first one
10.2307/j100008,10.2307/j100603,A publication (A) ceases and a new one (B) starts as a continuation of the first one
10.2307/j100009,10.2307/j100972,Publication A and Publication B are merged to form Journal C. Both A and B cease to exist after the merge.
10.2307/j100009,10.2307/j100984,Publication A and Publication B are merged to form Journal C. Both A and B cease to exist after the merge.
10.2307/j100011,10.2307/j100809,A publication (A) ceases and a new one (B) starts as a continuation of the first one
10.2307/j100012,10.2307/j101361,Publication A and Publication B are merged to form Journal C. Both A and B cease to exist after the merge.
10.2307/j100012,10.2307/j101362,Publication A and Publication B are merged to form Journal C. Both A and B cease to exist after the merge.
10.2307/j100013,10.2307/j101034,A publication (A) ceases and a new one (B) starts as a continuation of the first one
10.2307/j100019,10.2307/j100716,A publication (A) ceases and a new one (B) starts as a continuation of the first one
10.2307/j100020,10.2307/j100072,A publication (A) ceases and a new one (B) starts as a continuation of the first one
10.2307/j100022,10.2307/j100451,A publication (A) ceases and a new one (B) starts as a continuation of the first one
10.2307/j100025,10.2307/j100597,A publication (A) ceases and a new one (B) starts as a continuation of the first one
10.2307/j100028,10.2307/j100999,A publication (A) ceases and a new one (B) starts as a continuation of the first one
10.2307/j100034,10.2307/j100960,A publication (A) ceases and a new one (B) starts as a continuation of the first one
10.2307/j100035,10.2307/j100995,A publication (A) ceases and a new one (B) starts as a continuation of the first one
10.2307/j100040,10.2307/j100977,A publication (A) ceases and a new one (B) starts as a continuation of the first one
10.2307/j100042,10.2307/j100696,A publication (A) ceases and a new one (B) starts as a continuation of the first one
10.2307/j100046,10.2307/j100689,A publication (A) ceases and a new one (B) starts as a continuation of the first one
10.2307/j100049,10.2307/j100718,A publication (A) ceases and a new one (B) starts as a continuation of the first one
10.2307/j100053,10.2307/j100770,A publication (A) ceases and a new one (B) starts as a continuation of the first one
10.2307/j100057,10.2307/j100889,A publication (A) ceases and a new one (B) starts as a continuation of the first one
10.2307/j100058,10.2307/j100996,A publication (A) ceases and a new one (B) starts as a continuation of the first one
10.2307/j100072,10.2307/j100878,A publication (A) ceases and a new one (B) starts as a continuation of the first one
10.2307/j100073,10.2307/j101003,A publication (A) ceases and a new one (B) starts as a continuation of the first one
10.2307/j100079,10.2307/j100624,A publication (A) ceases and a new one (B) starts as a continuation of the first one
10.2307/j100086,10.2307/j100749,A publication (A) ceases and a new one (B) starts as a continuation of the first one
10.2307/j100087,10.2307/j100785,A publication (A) ceases and a new one (B) starts as a continuation of the first one
10.2307/j100088,10.2307/j101037,A publication (A) ceases and a new one (B) starts as a continuation of the first one
10.2307/j100089,10.2307/j100767,A publication (A) ceases and a new one (B) starts as a continuation of the first one
10.2307/j100091,10.2307/j100616,A publication (A) ceases and a new one (B) starts as a continuation of the first one
10.2307/j100093,10.2307/j101002,A publication (A) ceases and a new one (B) starts as a continuation of the first one
10.2307/j100095,10.2307/j100677,A publication (A) ceases and a new one (B) starts as a continuation of the first one
10.2307/j100101,10.2307/j100512,A publication (A) ceases and a new one (B) starts as a continuation of the first one
10.2307/j100103,10.2307/j100506,A publication (A) ceases and a new one (B) starts as a continuation of the first one
10.2307/j100105,10.2307/j100967,A publication (A) ceases and a new one (B) starts as a continuation of the first one
10.2307/j100112,10.2307/j100030,A publication (A) ceases and a new one (B) starts as a continuation of the first one
10.2307/j100113,10.2307/j100885,A publication (A) ceases and a new one (B) starts as a continuation of the first one
10.2307/j100115,10.2307/j100712,A publication (A) ceases and a new one (B) starts as a continuation of the first one
10.2307/j100116,10.2307/j100653,Publication A splits into (two or more) Publication B and publication C. Publication A ceases to exist.
10.2307/j100117,10.2307/j100653,Publication A splits into (two or more) Publication B and publication C. Publication A ceases to exist.
10.2307/j100121,10.2307/j101019,A publication (A) ceases and a new one (B) starts as a continuation of the first one
10.2307/j100133,10.2307/j101022,A publication (A) ceases and a new one (B) starts as a continuation of the first one
10.2307/j100134,10.2307/j100526,A publication (A) ceases and a new one (B) starts as a continuation of the first one
10.2307/j100135,10.2307/j100617,A publication (A) ceases and a new one (B) starts as a continuation of the first one
10.2307/j100136,10.2307/j101023,A publication (A) ceases and a new one (B) starts as a continuation of the first one
10.2307/j100149,10.2307/j101005,A publication (A) ceases and a new one (B) starts as a continuation of the first one
10.2307/j100153,10.2307/j100965,A publication (A) ceases and a new one (B) starts as a continuation of the first one
10.2307/j100157,10.2307/j100778,A publication (A) ceases and a new one (B) starts as a continuation of the first one
10.2307/j100159,10.2307/j101016,A publication (A) ceases and a new one (B) starts as a continuation of the first one
10.2307/j100160,10.2307/j101046,A publication (A) ceases and a new one (B) starts as a continuation of the first one
10.2307/j100161,10.2307/j101041,A publication (A) ceases and a new one (B) starts as a continuation of the first one
10.2307/j100162,10.2307/j101375,A publication (A) ceases and a new one (B) starts as a continuation of the first one
10.2307/j100165,10.2307/j100568,A publication (A) ceases and a new one (B) starts as a continuation of the first one
10.2307/j100175,10.2307/j100940,A publication (A) ceases and a new one (B) starts as a continuation of the first one
10.2307/j100177,10.2307/j100555,A publication (A) ceases and a new one (B) starts as a continuation of the first one
10.2307/j100180,10.2307/j101052,A publication (A) ceases and a new one (B) starts as a continuation of the first one
10.2307/j100184,10.2307/j100943,A publication (A) ceases and a new one (B) starts as a continuation of the first one
10.2307/j100185,10.2307/j100939,A publication (A) ceases and a new one (B) starts as a continuation of the first one
10.2307/j100186,10.2307/j100948,Publication A and Publication B are merged to form Journal C. Both A and B cease to exist after the merge.
10.2307/j100186,10.2307/j100949,Publication A and Publication B are merged to form Journal C. Both A and B cease to exist after the merge.
10.2307/j100193,10.2307/j100669,A publication (A) ceases and a new one (B) starts as a continuation of the first one
10.2307/j100204,10.2307/j100543,A publication (A) ceases and a new one (B) starts as a continuation of the first one
10.2307/j100207,10.2307/j100681,A publication (A) ceases and a new one (B) starts as a continuation of the first one
10.2307/j100208,10.2307/j100888,A publication (A) ceases and a new one (B) starts as a continuation of the first one
10.2307/j100211,10.2307/j100747,A publication (A) ceases and a new one (B) starts as a continuation of the first one
10.2307/j100212,10.2307/j100503,A publication (A) ceases and a new one (B) starts as a continuation of the first one
10.2307/j100213,10.2307/j100724,A publication (A) ceases and a new one (B) starts as a continuation of the first one
10.2307/j100215,10.2307/j100769,A publication (A) ceases and a new one (B) starts as a continuation of the first one
10.2307/j100219,10.2307/j100685,A publication (A) ceases and a new one (B) starts as a continuation of the first one
10.2307/j100223,10.2307/j100502,A publication (A) ceases and a new one (B) starts as a continuation of the first one
10.2307/j100224,10.2307/j100710,A publication (A) ceases and a new one (B) starts as a continuation of the first one
10.2307/j100229,10.2307/j100771,A publication (A) ceases and a new one (B) starts as a continuation of the first one
10.2307/j100234,10.2307/j100776,A publication (A) ceases and a new one (B) starts as a continuation of the first one
10.2307/j100240,10.2307/j100880,A publication (A) ceases and a new one (B) starts as a continuation of the first one
10.2307/j100246,10.2307/j100542,A publication (A) ceases and a new one (B) starts as a continuation of the first one
10.2307/j100249,10.2307/j100567,Publication A and Publication B are merged to form Journal C. Both A and B cease to exist after the merge.
10.2307/j100249,10.2307/j101020,Publication A and Publication B are merged to form Journal C. Both A and B cease to exist after the merge.
10.2307/j100252,10.2307/j100855,A publication (A) ceases and a new one (B) starts as a continuation of the first one
10.2307/j100253,10.2307/j101051,A publication (A) ceases and a new one (B) starts as a continuation of the first one
10.2307/j100260,10.2307/j101048,A publication (A) ceases and a new one (B) starts as a continuation of the first one
10.2307/j100261,10.2307/j101015,A publication (A) ceases and a new one (B) starts as a continuation of the first one
10.2307/j100272,10.2307/j100994,A publication (A) ceases and a new one (B) starts as a continuation of the first one
10.2307/j100273,10.2307/j100798,A publication (A) ceases and a new one (B) starts as a continuation of the first one
10.2307/j100277,10.2307/j100861,A publication (A) ceases and a new one (B) starts as a continuation of the first one
10.2307/j100280,10.2307/j100623,A publication (A) ceases and a new one (B) starts as a continuation of the first one
10.2307/j100281,10.2307/j100954,A publication (A) ceases and a new one (B) starts as a continuation of the first one
10.2307/j100286,10.2307/j100534,A publication (A) ceases and a new one (B) starts as a continuation of the first one
10.2307/j100291,10.2307/j100705,A publication (A) ceases and a new one (B) starts as a continuation of the first one
10.2307/j100296,10.2307/j100827,A publication (A) ceases and a new one (B) starts as a continuation of the first one
10.2307/j100297,10.2307/j100866,Publication A and Publication B are merged to form Journal C. Both A and B cease to exist after the merge.
10.2307/j100297,10.2307/j50000410,Publication A and Publication B are merged to form Journal C. Both A and B cease to exist after the merge.
10.2307/j100302,10.2307/j100964,A publication (A) ceases and a new one (B) starts as a continuation of the first one
10.2307/j100307,10.2307/j100935,A publication (A) ceases and a new one (B) starts as a continuation of the first one
10.2307/j100308,10.2307/j100505,A publication (A) ceases and a new one (B) starts as a continuation of the first one
10.2307/j100311,10.2307/j100992,A publication (A) ceases and a new one (B) starts as a continuation of the first one
10.2307/j100313,10.2307/j100968,A publication (A) ceases and a new one (B) starts as a continuation of the first one
10.2307/j100318,10.2307/j100810,A publication (A) ceases and a new one (B) starts as a continuation of the first one
10.2307/j100321,10.2307/j101045,A publication (A) ceases and a new one (B) starts as a continuation of the first one
10.2307/j100326,10.2307/j100775,A publication (A) ceases and a new one (B) starts as a continuation of the first one
10.2307/j100330,10.2307/j100959,A publication (A) ceases and a new one (B) starts as a continuation of the first one
10.2307/j100332,10.2307/j100811,A publication (A) ceases and a new one (B) starts as a continuation of the first one
10.2307/j100339,10.2307/j100628,A publication (A) ceases and a new one (B) starts as a continuation of the first one
10.2307/j100346,10.2307/j100844,A publication (A) ceases and a new one (B) starts as a continuation of the first one
10.2307/j100349,10.2307/j101021,A publication (A) ceases and a new one (B) starts as a continuation of the first one
10.2307/j100351,10.2307/j100823,A publication (A) ceases and a new one (B) starts as a continuation of the first one
10.2307/j100352,10.2307/j100931,A publication (A) ceases and a new one (B) starts as a continuation of the first one
10.2307/j100355,10.2307/j100690,A publication (A) ceases and a new one (B) starts as a continuation of the first one
10.2307/j100356,10.2307/j100786,A publication (A) ceases and a new one (B) starts as a continuation of the first one
10.2307/j100363,10.2307/j100860,A publication (A) ceases and a new one (B) starts as a continuation of the first one
10.2307/j100364,10.2307/j100971,A publication (A) ceases and a new one (B) starts as a continuation of the first one
10.2307/j100367,10.2307/j101004,A publication (A) ceases and a new one (B) starts as a continuation of the first one
10.2307/j100368,10.2307/j100675,A publication (A) ceases and a new one (B) starts as a continuation of the first one
10.2307/j100369,10.2307/j100772,A publication (A) ceases and a new one (B) starts as a continuation of the first one
10.2307/j100374,10.2307/j101380,A publication (A) ceases and a new one (B) starts as a continuation of the first one
10.2307/j100378,10.2307/j50000371,A publication (A) ceases and a new one (B) starts as a continuation of the first one
10.2307/j100379,10.2307/j100933,A publication (A) ceases and a new one (B) starts as a continuation of the first one
10.2307/j100384,10.2307/j100631,A publication (A) ceases and a new one (B) starts as a continuation of the first one
10.2307/j100390,10.2307/j101024,A publication (A) ceases and a new one (B) starts as a continuation of the first one
10.2307/j100395,10.2307/j100912,A publication (A) ceases and a new one (B) starts as a continuation of the first one
10.2307/j100396,10.2307/j100757,A publication (A) ceases and a new one (B) starts as a continuation of the first one
10.2307/j100399,10.2307/j100816,A publication (A) ceases and a new one (B) starts as a continuation of the first one
10.2307/j100405,10.2307/j101025,A publication (A) ceases and a new one (B) starts as a continuation of the first one
10.2307/j100415,10.2307/j100697,A publication (A) ceases and a new one (B) starts as a continuation of the first one
10.2307/j100433,10.2307/j101014,A publication (A) ceases and a new one (B) starts as a continuation of the first one
10.2307/j100436,10.2307/j100613,A publication (A) ceases and a new one (B) starts as a continuation of the first one
10.2307/j100439,10.2307/j101049,A publication (A) ceases and a new one (B) starts as a continuation of the first one
10.2307/j100454,10.2307/j100829,A publication (A) ceases and a new one (B) starts as a continuation of the first one
10.2307/j100465,10.2307/j100828,A publication (A) ceases and a new one (B) starts as a continuation of the first one
10.2307/j100466,10.2307/j100947,A publication (A) ceases and a new one (B) starts as a continuation of the first one
10.2307/j100467,10.2307/j100598,A publication (A) ceases and a new one (B) starts as a continuation of the first one
10.2307/j100468,10.2307/j100819,A publication (A) ceases and a new one (B) starts as a continuation of the first one
10.2307/j100469,10.2307/j100818,A publication (A) ceases and a new one (B) starts as a continuation of the first one
10.2307/j100476,10.2307/j100444,A publication (A) ceases and a new one (B) starts as a continuation of the first one
10.2307/j100477,10.2307/j100085,Publication A splits into (two or more) Publication B and publication C. Publication A ceases to exist.
10.2307/j100480,10.2307/j100085,Publication A splits into (two or more) Publication B and publication C. Publication A ceases to exist.
10.2307/j100481,10.2307/j100215,A publication (A) ceases and a new one (B) starts as a continuation of the first one
10.2307/j100485,10.2307/j100374,A publication (A) ceases and a new one (B) starts as a continuation of the first one
10.2307/j100487,10.2307/j100278,A publication (A) ceases and a new one (B) starts as a continuation of the first one
10.2307/j100510,10.2307/j100722,A publication (A) ceases and a new one (B) starts as a continuation of the first one
10.2307/j100514,10.2307/j100652,A publication (A) ceases and a new one (B) starts as a continuation of the first one
10.2307/j100516,10.2307/j100460,A publication (A) ceases and a new one (B) starts as a continuation of the first one
10.2307/j100523,10.2307/j100665,A publication (A) ceases and a new one (B) starts as a continuation of the first one
10.2307/j100525,10.2307/j100713,A publication (A) ceases and a new one (B) starts as a continuation of the first one
10.2307/j100529,10.2307/j100370,A publication (A) ceases and a new one (B) starts as a continuation of the first one
10.2307/j100531,10.2307/j100298,A publication (A) ceases and a new one (B) starts as a continuation of the first one
10.2307/j100533,10.2307/j100422,A publication (A) ceases and a new one (B) starts as a continuation of the first one
10.2307/j100535,10.2307/j100721,A publication (A) ceases and a new one (B) starts as a continuation of the first one
10.2307/j100538,10.2307/j100280,A publication (A) ceases and a new one (B) starts as a continuation of the first one
10.2307/j100539,10.2307/j100307,A publication (A) ceases and a new one (B) starts as a continuation of the first one
10.2307/j100540,10.2307/j100118,A publication (A) ceases and a new one (B) starts as a continuation of the first one
10.2307/j100545,10.2307/j100510,A publication (A) ceases and a new one (B) starts as a continuation of the first one
10.2307/j100549,10.2307/j100957,A publication (A) ceases and a new one (B) starts as a continuation of the first one
10.2307/j100550,10.2307/j100744,A publication (A) ceases and a new one (B) starts as a continuation of the first one
10.2307/j100551,10.2307/j100674,A publication (A) ceases and a new one (B) starts as a continuation of the first one
10.2307/j100557,10.2307/j100779,A publication (A) ceases and a new one (B) starts as a continuation of the first one
10.2307/j100563,10.2307/j101458,A publication (A) ceases and a new one (B) starts as a continuation of the first one
10.2307/j100565,10.2307/j100529,A publication (A) ceases and a new one (B) starts as a continuation of the first one
10.2307/j100566,10.2307/j100551,A publication (A) ceases and a new one (B) starts as a continuation of the first one
10.2307/j100567,10.2307/j100569,A publication (A) ceases and a new one (B) starts as a continuation of the first one
10.2307/j100568,10.2307/j100983,A publication (A) ceases and a new one (B) starts as a continuation of the first one
10.2307/j100569,10.2307/j100570,A publication (A) ceases and a new one (B) starts as a continuation of the first one
10.2307/j100570,10.2307/j100571,A publication (A) ceases and a new one (B) starts as a continuation of the first one
10.2307/j100573,10.2307/j100609,A publication (A) ceases and a new one (B) starts as a continuation of the first one
10.2307/j100574,10.2307/j100181,A publication (A) ceases and a new one (B) starts as a continuation of the first one
10.2307/j100575,10.2307/j100147,A publication (A) ceases and a new one (B) starts as a continuation of the first one
10.2307/j100581,10.2307/j100358,A publication (A) ceases and a new one (B) starts as a continuation of the first one
10.2307/j100582,10.2307/j100525,A publication (A) ceases and a new one (B) starts as a continuation of the first one
10.2307/j100584,10.2307/j100157,A publication (A) ceases and a new one (B) starts as a continuation of the first one
10.2307/j100586,10.2307/j100714,A publication (A) ceases and a new one (B) starts as a continuation of the first one
10.2307/j100587,10.2307/j100693,A publication (A) ceases and a new one (B) starts as a continuation of the first one
10.2307/j100588,10.2307/j100587,A publication (A) ceases and a new one (B) starts as a continuation of the first one
10.2307/j100593,10.2307/j100646,A publication (A) ceases and a new one (B) starts as a continuation of the first one
10.2307/j100595,10.2307/j100588,Publication A splits into (two or more) Publication B and publication C. Publication A ceases to exist.
10.2307/j100596,10.2307/j100588,Publication A splits into (two or more) Publication B and publication C. Publication A ceases to exist.
10.2307/j100597,10.2307/j100595,A publication (A) ceases and a new one (B) starts as a continuation of the first one
10.2307/j100598,10.2307/j100596,A publication (A) ceases and a new one (B) starts as a continuation of the first one
10.2307/j100603,10.2307/j100944,A publication (A) ceases and a new one (B) starts as a continuation of the first one
10.2307/j100606,10.2307/j100651,A publication (A) ceases and a new one (B) starts as a continuation of the first one
10.2307/j100607,10.2307/j100465,A publication (A) ceases and a new one (B) starts as a continuation of the first one
10.2307/j100616,10.2307/j100805,A publication (A) ceases and a new one (B) starts as a continuation of the first one
10.2307/j100617,10.2307/j100782,A publication (A) ceases and a new one (B) starts as a continuation of the first one
10.2307/j100618,10.2307/j100558,A publication (A) ceases and a new one (B) starts as a continuation of the first one
10.2307/j100627,10.2307/j100371,A publication (A) ceases and a new one (B) starts as a continuation of the first one
10.2307/j100634,10.2307/j100695,A publication (A) ceases and a new one (B) starts as a continuation of the first one
10.2307/j100645,10.2307/j100359,A publication (A) ceases and a new one (B) starts as a continuation of the first one
10.2307/j100647,10.2307/j100694,A publication (A) ceases and a new one (B) starts as a continuation of the first one
10.2307/j100648,10.2307/j101043,Publication A and Publication B are merged to form Journal C. Both A and B cease to exist after the merge.
10.2307/j100648,10.2307/j101044,Publication A and Publication B are merged to form Journal C. Both A and B cease to exist after the merge.
10.2307/j100649,10.2307/j100830,A publication (A) ceases and a new one (B) starts as a continuation of the first one
10.2307/j100653,10.2307/j100699,A publication (A) ceases and a new one (B) starts as a continuation of the first one
10.2307/j100655,10.2307/j100821,A publication (A) ceases and a new one (B) starts as a continuation of the first one
10.2307/j100661,10.2307/j100384,A publication (A) ceases and a new one (B) starts as a continuation of the first one
10.2307/j100662,10.2307/j100420,A publication (A) ceases and a new one (B) starts as a continuation of the first one
10.2307/j100664,10.2307/j100436,A publication (A) ceases and a new one (B) starts as a continuation of the first one
10.2307/j100666,10.2307/j100470,A publication (A) ceases and a new one (B) starts as a continuation of the first one
10.2307/j100667,10.2307/j100349,A publication (A) ceases and a new one (B) starts as a continuation of the first one
10.2307/j100669,10.2307/j100974,A publication (A) ceases and a new one (B) starts as a continuation of the first one
10.2307/j100671,10.2307/j100048,A publication (A) ceases and a new one (B) starts as a continuation of the first one
10.2307/j100672,10.2307/j100099,A publication (A) ceases and a new one (B) starts as a continuation of the first one
10.2307/j100676,10.2307/j100457,A publication (A) ceases and a new one (B) starts as a continuation of the first one
10.2307/j100677,10.2307/j100981,A publication (A) ceases and a new one (B) starts as a continuation of the first one
10.2307/j100687,10.2307/j100688,A publication (A) ceases and a new one (B) starts as a continuation of the first one
10.2307/j100692,10.2307/j100687,A publication (A) ceases and a new one (B) starts as a continuation of the first one
10.2307/j100700,10.2307/j100701,A publication (A) ceases and a new one (B) starts as a continuation of the first one
10.2307/j100705,10.2307/j100706,A publication (A) ceases and a new one (B) starts as a continuation of the first one
10.2307/j100708,10.2307/j100036,Publication A splits into (two or more) Publication B and publication C. Publication A ceases to exist.
10.2307/j100709,10.2307/j100036,Publication A splits into (two or more) Publication B and publication C. Publication A ceases to exist.
10.2307/j100710,10.2307/j101028,A publication (A) ceases and a new one (B) starts as a continuation of the first one
10.2307/j100723,10.2307/j100315,A publication (A) ceases and a new one (B) starts as a continuation of the first one
10.2307/j100740,10.2307/j100162,A publication (A) ceases and a new one (B) starts as a continuation of the first one
10.2307/j100744,10.2307/j101008,A publication (A) ceases and a new one (B) starts as a continuation of the first one
10.2307/j100745,10.2307/j101026,A publication (A) ceases and a new one (B) starts as a continuation of the first one
10.2307/j100746,10.2307/j100655,A publication (A) ceases and a new one (B) starts as a continuation of the first one
10.2307/j100747,10.2307/j100962,A publication (A) ceases and a new one (B) starts as a continuation of the first one
10.2307/j100748,10.2307/j100672,A publication (A) ceases and a new one (B) starts as a continuation of the first one
10.2307/j100751,10.2307/j100279,A publication (A) ceases and a new one (B) starts as a continuation of the first one
10.2307/j100752,10.2307/j100372,A publication (A) ceases and a new one (B) starts as a continuation of the first one
10.2307/j100753,10.2307/j100432,A publication (A) ceases and a new one (B) starts as a continuation of the first one
10.2307/j100757,10.2307/j101030,A publication (A) ceases and a new one (B) starts as a continuation of the first one
10.2307/j100759,10.2307/j100415,A publication (A) ceases and a new one (B) starts as a continuation of the first one
10.2307/j100767,10.2307/j100766,A publication (A) ceases and a new one (B) starts as a continuation of the first one
10.2307/j100769,10.2307/j100773,A publication (A) ceases and a new one (B) starts as a continuation of the first one
10.2307/j100770,10.2307/j101018,A publication (A) ceases and a new one (B) starts as a continuation of the first one
10.2307/j100775,10.2307/j100774,A publication (A) ceases and a new one (B) starts as a continuation of the first one
10.2307/j100776,10.2307/j100988,A publication (A) ceases and a new one (B) starts as a continuation of the first one
10.2307/j100777,10.2307/j100097,A publication (A) ceases and a new one (B) starts as a continuation of the first one
10.2307/j100778,10.2307/j100997,A publication (A) ceases and a new one (B) starts as a continuation of the first one
10.2307/j100779,10.2307/j100717,A publication (A) ceases and a new one (B) starts as a continuation of the first one
10.2307/j100780,10.2307/j100741,A publication (A) ceases and a new one (B) starts as a continuation of the first one
10.2307/j100782,10.2307/j100544,A publication (A) ceases and a new one (B) starts as a continuation of the first one
10.2307/j100783,10.2307/j100742,A publication (A) ceases and a new one (B) starts as a continuation of the first one
10.2307/j100784,10.2307/j100538,A publication (A) ceases and a new one (B) starts as a continuation of the first one
10.2307/j100789,10.2307/j100425,A publication (A) ceases and a new one (B) starts as a continuation of the first one
10.2307/j100794,10.2307/j100578,A publication (A) ceases and a new one (B) starts as a continuation of the first one
10.2307/j100799,10.2307/j100302,A publication (A) ceases and a new one (B) starts as a continuation of the first one
10.2307/j100804,10.2307/j100517,A publication (A) ceases and a new one (B) starts as a continuation of the first one
10.2307/j100808,10.2307/j100673,A publication (A) ceases and a new one (B) starts as a continuation of the first one
10.2307/j100810,10.2307/j100797,A publication (A) ceases and a new one (B) starts as a continuation of the first one
10.2307/j100812,10.2307/j100789,A publication (A) ceases and a new one (B) starts as a continuation of the first one
10.2307/j100813,10.2307/j100281,A publication (A) ceases and a new one (B) starts as a continuation of the first one
10.2307/j100814,10.2307/j100513,A publication (A) ceases and a new one (B) starts as a continuation of the first one
10.2307/j100815,10.2307/j100309,A publication (A) ceases and a new one (B) starts as a continuation of the first one
10.2307/j100816,10.2307/j101036,A publication (A) ceases and a new one (B) starts as a continuation of the first one
10.2307/j100818,10.2307/j100692,Publication A splits into (two or more) Publication B and publication C. Publication A ceases to exist.
10.2307/j100819,10.2307/j100692,Publication A splits into (two or more) Publication B and publication C. Publication A ceases to exist.
10.2307/j100820,10.2307/j100227,A publication (A) ceases and a new one (B) starts as a continuation of the first one
10.2307/j100823,10.2307/j100831,A publication (A) ceases and a new one (B) starts as a continuation of the first one
10.2307/j100830,10.2307/j100909,Publication A and Publication B are merged to form Journal C. Both A and B cease to exist after the merge.
10.2307/j100830,10.2307/j100910,Publication A and Publication B are merged to form Journal C. Both A and B cease to exist after the merge.
10.2307/j100830,10.2307/j100919,Publication A and Publication B are merged to form Journal C. Both A and B cease to exist after the merge.
10.2307/j100834,10.2307/j100025,A publication (A) ceases and a new one (B) starts as a continuation of the first one
10.2307/j100835,10.2307/j100467,A publication (A) ceases and a new one (B) starts as a continuation of the first one
10.2307/j100836,10.2307/j100468,A publication (A) ceases and a new one (B) starts as a continuation of the first one
10.2307/j100837,10.2307/j100469,A publication (A) ceases and a new one (B) starts as a continuation of the first one
10.2307/j100838,10.2307/j100351,A publication (A) ceases and a new one (B) starts as a continuation of the first one
10.2307/j100839,10.2307/j100376,A publication (A) ceases and a new one (B) starts as a continuation of the first one
10.2307/j100845,10.2307/j100190,A publication (A) ceases and a new one (B) starts as a continuation of the first one
10.2307/j100852,10.2307/j100670,A publication (A) ceases and a new one (B) starts as a continuation of the first one
10.2307/j100854,10.2307/j100533,A publication (A) ceases and a new one (B) starts as a continuation of the first one
10.2307/j100855,10.2307/j100978,Publication A and Publication B are merged to form Journal C. Both A and B cease to exist after the merge.
10.2307/j100855,10.2307/j50000535,Publication A and Publication B are merged to form Journal C. Both A and B cease to exist after the merge.
10.2307/j100858,10.2307/j100312,A publication (A) ceases and a new one (B) starts as a continuation of the first one
10.2307/j100860,10.2307/j100975,A publication (A) ceases and a new one (B) starts as a continuation of the first one
10.2307/j100865,10.2307/j100292,A publication (A) ceases and a new one (B) starts as a continuation of the first one
10.2307/j100870,10.2307/j100135,A publication (A) ceases and a new one (B) starts as a continuation of the first one
10.2307/j100875,10.2307/j100105,A publication (A) ceases and a new one (B) starts as a continuation of the first one
10.2307/j100876,10.2307/j100574,A publication (A) ceases and a new one (B) starts as a continuation of the first one
10.2307/j100878,10.2307/j100877,A publication (A) ceases and a new one (B) starts as a continuation of the first one
10.2307/j100880,10.2307/j100027,A publication (A) ceases and a new one (B) starts as a continuation of the first one
10.2307/j100881,10.2307/j100531,A publication (A) ceases and a new one (B) starts as a continuation of the first one
10.2307/j100883,10.2307/j100385,A publication (A) ceases and a new one (B) starts as a continuation of the first one
10.2307/j100886,10.2307/j100407,A publication (A) ceases and a new one (B) starts as a continuation of the first one
10.2307/j100887,10.2307/j100368,A publication (A) ceases and a new one (B) starts as a continuation of the first one
10.2307/j100891,10.2307/j100795,A publication (A) ceases and a new one (B) starts as a continuation of the first one
10.2307/j100892,10.2307/j100678,A publication (A) ceases and a new one (B) starts as a continuation of the first one
10.2307/j100899,10.2307/j100882,A publication (A) ceases and a new one (B) starts as a continuation of the first one
10.2307/j100900,10.2307/j100100,A publication (A) ceases and a new one (B) starts as a continuation of the first one
10.2307/j100901,10.2307/j100391,A publication (A) ceases and a new one (B) starts as a continuation of the first one
10.2307/j100905,10.2307/j100537,A publication (A) ceases and a new one (B) starts as a continuation of the first one
10.2307/j100907,10.2307/j100640,A publication (A) ceases and a new one (B) starts as a continuation of the first one
10.2307/j100909,10.2307/j100920,A publication (A) ceases and a new one (B) starts as a continuation of the first one
10.2307/j100910,10.2307/j100911,A publication (A) ceases and a new one (B) starts as a continuation of the first one
10.2307/j100913,10.2307/j100268,A publication (A) ceases and a new one (B) starts as a continuation of the first one
10.2307/j100914,10.2307/j100836,A publication (A) ceases and a new one (B) starts as a continuation of the first one
10.2307/j100915,10.2307/j100834,A publication (A) ceases and a new one (B) starts as a continuation of the first one
10.2307/j100916,10.2307/j100840,A publication (A) ceases and a new one (B) starts as a continuation of the first one
10.2307/j100918,10.2307/j100917,A publication (A) ceases and a new one (B) starts as a continuation of the first one
10.2307/j100919,10.2307/j100918,A publication (A) ceases and a new one (B) starts as a continuation of the first one
10.2307/j100921,10.2307/j100824,A publication (A) ceases and a new one (B) starts as a continuation of the first one
10.2307/j100922,10.2307/j100352,A publication (A) ceases and a new one (B) starts as a continuation of the first one
10.2307/j100923,10.2307/j100634,A publication (A) ceases and a new one (B) starts as a continuation of the first one
10.2307/j100924,10.2307/j100399,A publication (A) ceases and a new one (B) starts as a continuation of the first one
10.2307/j100932,10.2307/j100832,A publication (A) ceases and a new one (B) starts as a continuation of the first one
10.2307/j100935,10.2307/j100934,A publication (A) ceases and a new one (B) starts as a continuation of the first one
10.2307/j100937,10.2307/j100936,A publication (A) ceases and a new one (B) starts as a continuation of the first one
10.2307/j100938,10.2307/j100937,A publication (A) ceases and a new one (B) starts as a continuation of the first one
10.2307/j100939,10.2307/j100938,A publication (A) ceases and a new one (B) starts as a continuation of the first one
10.2307/j100943,10.2307/j100942,A publication (A) ceases and a new one (B) starts as a continuation of the first one
10.2307/j100946,10.2307/j100945,A publication (A) ceases and a new one (B) starts as a continuation of the first one
10.2307/j100949,10.2307/j100950,A publication (A) ceases and a new one (B) starts as a continuation of the first one
10.2307/j100951,10.2307/j100736,A publication (A) ceases and a new one (B) starts as a continuation of the first one
10.2307/j100954,10.2307/j100955,A publication (A) ceases and a new one (B) starts as a continuation of the first one
10.2307/j100957,10.2307/j100003,A publication (A) ceases and a new one (B) starts as a continuation of the first one
10.2307/j100958,10.2307/j100090,A publication (A) ceases and a new one (B) starts as a continuation of the first one
10.2307/j100961,10.2307/j100745,A publication (A) ceases and a new one (B) starts as a continuation of the first one
10.2307/j100969,10.2307/j100852,A publication (A) ceases and a new one (B) starts as a continuation of the first one
10.2307/j100970,10.2307/j100229,A publication (A) ceases and a new one (B) starts as a continuation of the first one
10.2307/j100972,10.2307/j100859,A publication (A) ceases and a new one (B) starts as a continuation of the first one
10.2307/j100975,10.2307/j100976,A publication (A) ceases and a new one (B) starts as a continuation of the first one
10.2307/j100978,10.2307/j100979,A publication (A) ceases and a new one (B) starts as a continuation of the first one
10.2307/j100980,10.2307/j100849,A publication (A) ceases and a new one (B) starts as a continuation of the first one
10.2307/j100983,10.2307/j100982,A publication (A) ceases and a new one (B) starts as a continuation of the first one
10.2307/j100985,10.2307/j100777,A publication (A) ceases and a new one (B) starts as a continuation of the first one
10.2307/j100987,10.2307/j101054,A publication (A) ceases and a new one (B) starts as a continuation of the first one
10.2307/j100989,10.2307/j100158,A publication (A) ceases and a new one (B) starts as a continuation of the first one
10.2307/j100992,10.2307/j100990,Publication A and Publication B are merged to form Journal C. Both A and B cease to exist after the merge.
10.2307/j100992,10.2307/j100991,Publication A and Publication B are merged to form Journal C. Both A and B cease to exist after the merge.
10.2307/j100994,10.2307/j100993,A publication (A) ceases and a new one (B) starts as a continuation of the first one
10.2307/j101002,10.2307/j101001,A publication (A) ceases and a new one (B) starts as a continuation of the first one
10.2307/j101005,10.2307/j101007,A publication (A) ceases and a new one (B) starts as a continuation of the first one
10.2307/j101007,10.2307/j101006,A publication (A) ceases and a new one (B) starts as a continuation of the first one
10.2307/j101012,10.2307/j100242,A publication (A) ceases and a new one (B) starts as a continuation of the first one
10.2307/j101013,10.2307/j100421,A publication (A) ceases and a new one (B) starts as a continuation of the first one
10.2307/j101016,10.2307/j101017,A publication (A) ceases and a new one (B) starts as a continuation of the first one
10.2307/j101029,10.2307/j101031,A publication (A) ceases and a new one (B) starts as a continuation of the first one
10.2307/j101030,10.2307/j101029,A publication (A) ceases and a new one (B) starts as a continuation of the first one
10.2307/j101034,10.2307/j101033,A publication (A) ceases and a new one (B) starts as a continuation of the first one
10.2307/j101038,10.2307/j100929,A publication (A) ceases and a new one (B) starts as a continuation of the first one
10.2307/j101039,10.2307/j100904,A publication (A) ceases and a new one (B) starts as a continuation of the first one
10.2307/j101041,10.2307/j101040,A publication (A) ceases and a new one (B) starts as a continuation of the first one
10.2307/j101043,10.2307/j100707,A publication (A) ceases and a new one (B) starts as a continuation of the first one
10.2307/j101048,10.2307/j101047,A publication (A) ceases and a new one (B) starts as a continuation of the first one
10.2307/j101054,10.2307/j101053,A publication (A) ceases and a new one (B) starts as a continuation of the first one
10.2307/j101202,10.2307/j101201,A publication (A) ceases and a new one (B) starts as a continuation of the first one
10.2307/j101203,10.2307/j101200,A publication (A) ceases and a new one (B) starts as a continuation of the first one
10.2307/j101207,10.2307/j101205,A publication (A) ceases and a new one (B) starts as a continuation of the first one
10.2307/j101208,10.2307/j101206,A publication (A) ceases and a new one (B) starts as a continuation of the first one
10.2307/j101213,10.2307/j101212,A publication (A) ceases and a new one (B) starts as a continuation of the first one
10.2307/j101216,10.2307/j101215,A publication (A) ceases and a new one (B) starts as a continuation of the first one
10.2307/j101217,10.2307/j101224,A publication (A) ceases and a new one (B) starts as a continuation of the first one
10.2307/j101220,10.2307/j101218,A publication (A) ceases and a new one (B) starts as a continuation of the first one
10.2307/j101221,10.2307/j101217,A publication (A) ceases and a new one (B) starts as a continuation of the first one
10.2307/j101222,10.2307/j50000351,A publication (A) ceases and a new one (B) starts as a continuation of the first one
10.2307/j101224,10.2307/j101219,A publication (A) ceases and a new one (B) starts as a continuation of the first one
10.2307/j101226,10.2307/j101225,A publication (A) ceases and a new one (B) starts as a continuation of the first one
10.2307/j101227,10.2307/j101226,A publication (A) ceases and a new one (B) starts as a continuation of the first one
10.2307/j101230,10.2307/j101229,A publication (A) ceases and a new one (B) starts as a continuation of the first one
10.2307/j101231,10.2307/j101227,Publication A and Publication B are merged to form Journal C. Both A and B cease to exist after the merge.
10.2307/j101231,10.2307/j101230,Publication A and Publication B are merged to form Journal C. Both A and B cease to exist after the merge.
10.2307/j101238,10.2307/j50000246,A publication (A) ceases and a new one (B) starts as a continuation of the first one
10.2307/j101239,10.2307/j101237,A publication (A) ceases and a new one (B) starts as a continuation of the first one
10.2307/j101240,10.2307/j101239,A publication (A) ceases and a new one (B) starts as a continuation of the first one
10.2307/j101246,10.2307/j101245,A publication (A) ceases and a new one (B) starts as a continuation of the first one
10.2307/j101251,10.2307/j101257,A publication (A) ceases and a new one (B) starts as a continuation of the first one
10.2307/j101255,10.2307/j101254,A publication (A) ceases and a new one (B) starts as a continuation of the first one
10.2307/j101263,10.2307/j101304,A publication (A) ceases and a new one (B) starts as a continuation of the first one
10.2307/j101303,10.2307/j101395,A publication (A) ceases and a new one (B) starts as a continuation of the first one
10.2307/j101305,10.2307/j101391,A publication (A) ceases and a new one (B) starts as a continuation of the first one
10.2307/j101311,10.2307/j101442,A publication (A) ceases and a new one (B) starts as a continuation of the first one
10.2307/j101316,10.2307/j101443,A publication (A) ceases and a new one (B) starts as a continuation of the first one
10.2307/j101334,10.2307/j101439,A publication (A) ceases and a new one (B) starts as a continuation of the first one
10.2307/j101339,10.2307/j101416,A publication (A) ceases and a new one (B) starts as a continuation of the first one
10.2307/j101343,10.2307/j101434,A publication (A) ceases and a new one (B) starts as a continuation of the first one
10.2307/j101349,10.2307/j101372,Publication A and Publication B are merged to form Journal C. Both A and B cease to exist after the merge.
10.2307/j101349,10.2307/j101426,Publication A and Publication B are merged to form Journal C. Both A and B cease to exist after the merge.
10.2307/j101358,10.2307/j101318,A publication (A) ceases and a new one (B) starts as a continuation of the first one
10.2307/j101374,10.2307/j101349,A publication (A) ceases and a new one (B) starts as a continuation of the first one
10.2307/j101375,10.2307/j50000324,A publication (A) ceases and a new one (B) starts as a continuation of the first one
10.2307/j101376,10.2307/j101438,A publication (A) ceases and a new one (B) starts as a continuation of the first one
10.2307/j101379,10.2307/j101305,A publication (A) ceases and a new one (B) starts as a continuation of the first one
10.2307/j101381,10.2307/j101379,A publication (A) ceases and a new one (B) starts as a continuation of the first one
10.2307/j101385,10.2307/j101386,A publication (A) ceases and a new one (B) starts as a continuation of the first one
10.2307/j101388,10.2307/j101351,A publication (A) ceases and a new one (B) starts as a continuation of the first one
10.2307/j101389,10.2307/j101430,A publication (A) ceases and a new one (B) starts as a continuation of the first one
10.2307/j101391,10.2307/j101392,A publication (A) ceases and a new one (B) starts as a continuation of the first one
10.2307/j101395,10.2307/j101397,A publication (A) ceases and a new one (B) starts as a continuation of the first one
10.2307/j101398,10.2307/j101364,A publication (A) ceases and a new one (B) starts as a continuation of the first one
10.2307/j101403,10.2307/j101370,A publication (A) ceases and a new one (B) starts as a continuation of the first one
10.2307/j101405,10.2307/j101359,A publication (A) ceases and a new one (B) starts as a continuation of the first one
10.2307/j101406,10.2307/j101403,A publication (A) ceases and a new one (B) starts as a continuation of the first one
10.2307/j101407,10.2307/j101388,A publication (A) ceases and a new one (B) starts as a continuation of the first one
10.2307/j101408,10.2307/j101435,A publication (A) ceases and a new one (B) starts as a continuation of the first one
10.2307/j101412,10.2307/j101317,A publication (A) ceases and a new one (B) starts as a continuation of the first one
10.2307/j101413,10.2307/j101368,A publication (A) ceases and a new one (B) starts as a continuation of the first one
10.2307/j101421,10.2307/j101408,A publication (A) ceases and a new one (B) starts as a continuation of the first one
10.2307/j101422,10.2307/j101343,A publication (A) ceases and a new one (B) starts as a continuation of the first one
10.2307/j101426,10.2307/j101371,A publication (A) ceases and a new one (B) starts as a continuation of the first one
10.2307/j101429,10.2307/j101428,A publication (A) ceases and a new one (B) starts as a continuation of the first one
10.2307/j101432,10.2307/j101431,A publication (A) ceases and a new one (B) starts as a continuation of the first one
10.2307/j101433,10.2307/j101432,A publication (A) ceases and a new one (B) starts as a continuation of the first one
10.2307/j101434,10.2307/j101433,A publication (A) ceases and a new one (B) starts as a continuation of the first one
10.2307/j101435,10.2307/j101390,A publication (A) ceases and a new one (B) starts as a continuation of the first one
10.2307/j101436,10.2307/j101437,A publication (A) ceases and a new one (B) starts as a continuation of the first one
10.2307/j101442,10.2307/j50000536,A publication (A) ceases and a new one (B) starts as a continuation of the first one
10.2307/j101448,10.2307/j101451,A publication (A) ceases and a new one (B) starts as a continuation of the first one
10.2307/j101450,10.2307/j101449,A publication (A) ceases and a new one (B) starts as a continuation of the first one
10.2307/j101451,10.2307/j101450,A publication (A) ceases and a new one (B) starts as a continuation of the first one
10.2307/j50000001,10.2307/j50000000,A publication (A) ceases and a new one (B) starts as a continuation of the first one
10.2307/j50000014,10.2307/j50000013,A publication (A) ceases and a new one (B) starts as a continuation of the first one
10.2307/j50000019,10.2307/j50000018,A publication (A) ceases and a new one (B) starts as a continuation of the first one
10.2307/j50000021,10.2307/j50000020,A publication (A) ceases and a new one (B) starts as a continuation of the first one
10.2307/j50000024,10.2307/j50000012,A publication (A) ceases and a new one (B) starts as a continuation of the first one
10.2307/j50000026,10.2307/j50000025,A publication (A) ceases and a new one (B) starts as a continuation of the first one
10.2307/j50000029,10.2307/j50000028,A publication (A) ceases and a new one (B) starts as a continuation of the first one
10.2307/j50000030,10.2307/j50000029,A publication (A) ceases and a new one (B) starts as a continuation of the first one
10.2307/j50000031,10.2307/j50000030,A publication (A) ceases and a new one (B) starts as a continuation of the first one
10.2307/j50000032,10.2307/j50000031,A publication (A) ceases and a new one (B) starts as a continuation of the first one
10.2307/j50000034,10.2307/j50000033,A publication (A) ceases and a new one (B) starts as a continuation of the first one
10.2307/j50000035,10.2307/j50000034,A publication (A) ceases and a new one (B) starts as a continuation of the first one
10.2307/j50000036,10.2307/j50000314,A publication (A) ceases and a new one (B) starts as a continuation of the first one
10.2307/j50000038,10.2307/j50000708,A publication (A) ceases and a new one (B) starts as a continuation of the first one
10.2307/j50000039,10.2307/j50000038,A publication (A) ceases and a new one (B) starts as a continuation of the first one
10.2307/j50000040,10.2307/j50000039,A publication (A) ceases and a new one (B) starts as a continuation of the first one
10.2307/j50000041,10.2307/j50000040,A publication (A) ceases and a new one (B) starts as a continuation of the first one
10.2307/j50000045,10.2307/j50000044,A publication (A) ceases and a new one (B) starts as a continuation of the first one
10.2307/j50000047,10.2307/j50000046,A publication (A) ceases and a new one (B) starts as a continuation of the first one
10.2307/j50000054,10.2307/j50000240,A publication (A) ceases and a new one (B) starts as a continuation of the first one
10.2307/j50000057,10.2307/j50000056,A publication (A) ceases and a new one (B) starts as a continuation of the first one
10.2307/j50000063,10.2307/j50000062,A publication (A) ceases and a new one (B) starts as a continuation of the first one
10.2307/j50000068,10.2307/j50000067,A publication (A) ceases and a new one (B) starts as a continuation of the first one
10.2307/j50000070,10.2307/j50000432,A publication (A) ceases and a new one (B) starts as a continuation of the first one
10.2307/j50000071,10.2307/j100441,A publication (A) ceases and a new one (B) starts as a continuation of the first one
10.2307/j50000076,10.2307/j50000075,A publication (A) ceases and a new one (B) starts as a continuation of the first one
10.2307/j50000081,10.2307/j50000080,A publication (A) ceases and a new one (B) starts as a continuation of the first one
10.2307/j50000093,10.2307/j50000091,Publication A and Publication B are merged to form Journal C. Both A and B cease to exist after the merge.
10.2307/j50000093,10.2307/j50000092,Publication A and Publication B are merged to form Journal C. Both A and B cease to exist after the merge.
10.2307/j50000094,10.2307/j50000082,Publication A splits into (two or more) Publication B and publication C. Publication A ceases to exist.
10.2307/j50000095,10.2307/j50000082,Publication A splits into (two or more) Publication B and publication C. Publication A ceases to exist.
10.2307/j50000096,10.2307/j50000094,Publication A and Publication B are merged to form Journal C. Both A and B cease to exist after the merge.
10.2307/j50000096,10.2307/j50000095,Publication A and Publication B are merged to form Journal C. Both A and B cease to exist after the merge.
10.2307/j50000102,10.2307/j50000101,A publication (A) ceases and a new one (B) starts as a continuation of the first one
10.2307/j50000103,10.2307/j50000130,A publication (A) ceases and a new one (B) starts as a continuation of the first one
10.2307/j50000114,10.2307/j50000113,A publication (A) ceases and a new one (B) starts as a continuation of the first one
10.2307/j50000115,10.2307/j50000114,A publication (A) ceases and a new one (B) starts as a continuation of the first one
10.2307/j50000117,10.2307/j50000116,A publication (A) ceases and a new one (B) starts as a continuation of the first one
10.2307/j50000121,10.2307/j50000120,A publication (A) ceases and a new one (B) starts as a continuation of the first one
10.2307/j50000126,10.2307/j50000125,A publication (A) ceases and a new one (B) starts as a continuation of the first one
10.2307/j50000128,10.2307/j50000127,A publication (A) ceases and a new one (B) starts as a continuation of the first one
10.2307/j50000135,10.2307/j50000134,A publication (A) ceases and a new one (B) starts as a continuation of the first one
10.2307/j50000137,10.2307/j50000136,A publication (A) ceases and a new one (B) starts as a continuation of the first one
10.2307/j50000139,10.2307/j50000138,A publication (A) ceases and a new one (B) starts as a continuation of the first one
10.2307/j50000141,10.2307/j50000140,A publication (A) ceases and a new one (B) starts as a continuation of the first one
10.2307/j50000142,10.2307/j50000141,A publication (A) ceases and a new one (B) starts as a continuation of the first one
10.2307/j50000145,10.2307/j50000143,A publication (A) ceases and a new one (B) starts as a continuation of the first one
10.2307/j50000146,10.2307/j50000147,A publication (A) ceases and a new one (B) starts as a continuation of the first one
10.2307/j50000149,10.2307/j50000148,A publication (A) ceases and a new one (B) starts as a continuation of the first one
10.2307/j50000153,10.2307/j50000152,A publication (A) ceases and a new one (B) starts as a continuation of the first one
10.2307/j50000156,10.2307/j50000155,A publication (A) ceases and a new one (B) starts as a continuation of the first one
10.2307/j50000170,10.2307/j50000169,A publication (A) ceases and a new one (B) starts as a continuation of the first one
10.2307/j50000171,10.2307/j50000170,A publication (A) ceases and a new one (B) starts as a continuation of the first one
10.2307/j50000174,10.2307/j50000173,A publication (A) ceases and a new one (B) starts as a continuation of the first one
10.2307/j50000178,10.2307/j50000177,A publication (A) ceases and a new one (B) starts as a continuation of the first one
10.2307/j50000181,10.2307/j50000180,A publication (A) ceases and a new one (B) starts as a continuation of the first one
10.2307/j50000185,10.2307/j50000184,A publication (A) ceases and a new one (B) starts as a continuation of the first one
10.2307/j50000186,10.2307/j50000185,A publication (A) ceases and a new one (B) starts as a continuation of the first one
10.2307/j50000191,10.2307/j50000190,A publication (A) ceases and a new one (B) starts as a continuation of the first one
10.2307/j50000201,10.2307/j50000200,A publication (A) ceases and a new one (B) starts as a continuation of the first one
10.2307/j50000206,10.2307/j50000205,A publication (A) ceases and a new one (B) starts as a continuation of the first one
10.2307/j50000211,10.2307/j50000322,A publication (A) ceases and a new one (B) starts as a continuation of the first one
10.2307/j50000212,10.2307/j50000211,A publication (A) ceases and a new one (B) starts as a continuation of the first one
10.2307/j50000213,10.2307/j50000212,A publication (A) ceases and a new one (B) starts as a continuation of the first one
10.2307/j50000216,10.2307/j100700,A publication (A) ceases and a new one (B) starts as a continuation of the first one
10.2307/j50000235,10.2307/j50000234,A publication (A) ceases and a new one (B) starts as a continuation of the first one
10.2307/j50000236,10.2307/j50000237,A publication (A) ceases and a new one (B) starts as a continuation of the first one
10.2307/j50000242,10.2307/j50000241,A publication (A) ceases and a new one (B) starts as a continuation of the first one
10.2307/j50000244,10.2307/j50000377,A publication (A) ceases and a new one (B) starts as a continuation of the first one
10.2307/j50000245,10.2307/j100841,A publication (A) ceases and a new one (B) starts as a continuation of the first one
10.2307/j50000246,10.2307/j101414,A publication (A) ceases and a new one (B) starts as a continuation of the first one
10.2307/j50000248,10.2307/j50000247,A publication (A) ceases and a new one (B) starts as a continuation of the first one
10.2307/j50000249,10.2307/j50000248,A publication (A) ceases and a new one (B) starts as a continuation of the first one
10.2307/j50000251,10.2307/j50000250,A publication (A) ceases and a new one (B) starts as a continuation of the first one
10.2307/j50000253,10.2307/j50000252,A publication (A) ceases and a new one (B) starts as a continuation of the first one
10.2307/j50000255,10.2307/j50000254,A publication (A) ceases and a new one (B) starts as a continuation of the first one
10.2307/j50000256,10.2307/j50000493,A publication (A) ceases and a new one (B) starts as a continuation of the first one
10.2307/j50000258,10.2307/j50000257,A publication (A) ceases and a new one (B) starts as a continuation of the first one
10.2307/j50000259,10.2307/j50000258,A publication (A) ceases and a new one (B) starts as a continuation of the first one
10.2307/j50000260,10.2307/j50000259,A publication (A) ceases and a new one (B) starts as a continuation of the first one
10.2307/j50000261,10.2307/j50000260,A publication (A) ceases and a new one (B) starts as a continuation of the first one
10.2307/j50000265,10.2307/j50000264,A publication (A) ceases and a new one (B) starts as a continuation of the first one
10.2307/j50000267,10.2307/j50000266,A publication (A) ceases and a new one (B) starts as a continuation of the first one
10.2307/j50000268,10.2307/j50000267,A publication (A) ceases and a new one (B) starts as a continuation of the first one
10.2307/j50000279,10.2307/j50000278,A publication (A) ceases and a new one (B) starts as a continuation of the first one
10.2307/j50000282,10.2307/j50000281,A publication (A) ceases and a new one (B) starts as a continuation of the first one
10.2307/j50000285,10.2307/j50000694,A publication (A) ceases and a new one (B) starts as a continuation of the first one
10.2307/j50000286,10.2307/j50000285,A publication (A) ceases and a new one (B) starts as a continuation of the first one
10.2307/j50000287,10.2307/j50000286,A publication (A) ceases and a new one (B) starts as a continuation of the first one
10.2307/j50000289,10.2307/j50000288,A publication (A) ceases and a new one (B) starts as a continuation of the first one
10.2307/j50000292,10.2307/j50000291,Publication A splits into (two or more) Publication B and publication C. Publication A ceases to exist.
10.2307/j50000293,10.2307/j50000291,Publication A splits into (two or more) Publication B and publication C. Publication A ceases to exist.
10.2307/j50000294,10.2307/j50000292,Publication A and Publication B are merged to form Journal C. Both A and B cease to exist after the merge.
10.2307/j50000294,10.2307/j50000293,Publication A and Publication B are merged to form Journal C. Both A and B cease to exist after the merge.
10.2307/j50000295,10.2307/j50000294,Publication A splits into (two or more) Publication B and publication C. Publication A ceases to exist.
10.2307/j50000296,10.2307/j50000295,A publication (A) ceases and a new one (B) starts as a continuation of the first one
10.2307/j50000298,10.2307/j100788,A publication (A) ceases and a new one (B) starts as a continuation of the first one
10.2307/j50000303,10.2307/j50000302,A publication (A) ceases and a new one (B) starts as a continuation of the first one
10.2307/j50000304,10.2307/j50000303,A publication (A) ceases and a new one (B) starts as a continuation of the first one
10.2307/j50000305,10.2307/j50000304,A publication (A) ceases and a new one (B) starts as a continuation of the first one
10.2307/j50000306,10.2307/j50000294,Publication A splits into (two or more) Publication B and publication C. Publication A ceases to exist.
10.2307/j50000307,10.2307/j50000306,A publication (A) ceases and a new one (B) starts as a continuation of the first one
10.2307/j50000308,10.2307/j50000497,A publication (A) ceases and a new one (B) starts as a continuation of the first one
10.2307/j50000310,10.2307/j50000309,A publication (A) ceases and a new one (B) starts as a continuation of the first one
10.2307/j50000311,10.2307/j50000310,A publication (A) ceases and a new one (B) starts as a continuation of the first one
10.2307/j50000312,10.2307/j50000311,A publication (A) ceases and a new one (B) starts as a continuation of the first one
10.2307/j50000320,10.2307/j50000349,A publication (A) ceases and a new one (B) starts as a continuation of the first one
10.2307/j50000322,10.2307/j50000320,Publication A and Publication B are merged to form Journal C. Both A and B cease to exist after the merge.
10.2307/j50000322,10.2307/j50000321,Publication A and Publication B are merged to form Journal C. Both A and B cease to exist after the merge.
10.2307/j50000324,10.2307/j50000323,A publication (A) ceases and a new one (B) starts as a continuation of the first one
10.2307/j50000326,10.2307/j50000325,A publication (A) ceases and a new one (B) starts as a continuation of the first one
10.2307/j50000327,10.2307/j50000326,A publication (A) ceases and a new one (B) starts as a continuation of the first one
10.2307/j50000328,10.2307/j50000327,A publication (A) ceases and a new one (B) starts as a continuation of the first one
10.2307/j50000329,10.2307/j50000328,A publication (A) ceases and a new one (B) starts as a continuation of the first one
10.2307/j50000330,10.2307/j50000564,A publication (A) ceases and a new one (B) starts as a continuation of the first one
10.2307/j50000333,10.2307/j50000332,A publication (A) ceases and a new one (B) starts as a continuation of the first one
10.2307/j50000334,10.2307/j50000333,A publication (A) ceases and a new one (B) starts as a continuation of the first one
10.2307/j50000336,10.2307/j50000294,Publication A splits into (two or more) Publication B and publication C. Publication A ceases to exist.
10.2307/j50000339,10.2307/j50000338,A publication (A) ceases and a new one (B) starts as a continuation of the first one
10.2307/j50000340,10.2307/j100566,A publication (A) ceases and a new one (B) starts as a continuation of the first one
10.2307/j50000342,10.2307/j50000341,A publication (A) ceases and a new one (B) starts as a continuation of the first one
10.2307/j50000344,10.2307/j50000343,A publication (A) ceases and a new one (B) starts as a continuation of the first one
10.2307/j50000345,10.2307/j50000344,A publication (A) ceases and a new one (B) starts as a continuation of the first one
10.2307/j50000349,10.2307/j50000348,A publication (A) ceases and a new one (B) starts as a continuation of the first one
10.2307/j50000353,10.2307/j101417,A publication (A) ceases and a new one (B) starts as a continuation of the first one
10.2307/j50000356,10.2307/j50000357,A publication (A) ceases and a new one (B) starts as a continuation of the first one
10.2307/j50000360,10.2307/j100667,A publication (A) ceases and a new one (B) starts as a continuation of the first one
10.2307/j50000368,10.2307/j50000367,A publication (A) ceases and a new one (B) starts as a continuation of the first one
10.2307/j50000374,10.2307/j50000373,A publication (A) ceases and a new one (B) starts as a continuation of the first one
10.2307/j50000381,10.2307/j50000380,A publication (A) ceases and a new one (B) starts as a continuation of the first one
10.2307/j50000382,10.2307/j50000381,A publication (A) ceases and a new one (B) starts as a continuation of the first one
10.2307/j50000383,10.2307/j50000382,A publication (A) ceases and a new one (B) starts as a continuation of the first one
10.2307/j50000384,10.2307/j50000383,A publication (A) ceases and a new one (B) starts as a continuation of the first one
10.2307/j50000385,10.2307/j50000384,A publication (A) ceases and a new one (B) starts as a continuation of the first one
10.2307/j50000393,10.2307/j50000392,A publication (A) ceases and a new one (B) starts as a continuation of the first one
10.2307/j50000394,10.2307/j50000393,A publication (A) ceases and a new one (B) starts as a continuation of the first one
10.2307/j50000395,10.2307/j50000391,Publication A and Publication B are merged to form Journal C. Both A and B cease to exist after the merge.
10.2307/j50000395,10.2307/j50000394,Publication A and Publication B are merged to form Journal C. Both A and B cease to exist after the merge.
10.2307/j50000396,10.2307/j50000425,A publication (A) ceases and a new one (B) starts as a continuation of the first one
10.2307/j50000399,10.2307/j50000398,A publication (A) ceases and a new one (B) starts as a continuation of the first one
10.2307/j50000400,10.2307/j50000399,A publication (A) ceases and a new one (B) starts as a continuation of the first one
10.2307/j50000405,10.2307/j50000404,A publication (A) ceases and a new one (B) starts as a continuation of the first one
10.2307/j50000407,10.2307/j50000406,A publication (A) ceases and a new one (B) starts as a continuation of the first one
10.2307/j50000410,10.2307/j50000411,A publication (A) ceases and a new one (B) starts as a continuation of the first one
10.2307/j50000413,10.2307/j50000414,A publication (A) ceases and a new one (B) starts as a continuation of the first one
10.2307/j50000416,10.2307/j50000415,A publication (A) ceases and a new one (B) starts as a continuation of the first one
10.2307/j50000417,10.2307/j50000416,A publication (A) ceases and a new one (B) starts as a continuation of the first one
10.2307/j50000418,10.2307/j50000417,A publication (A) ceases and a new one (B) starts as a continuation of the first one
10.2307/j50000430,10.2307/j50000429,A publication (A) ceases and a new one (B) starts as a continuation of the first one
10.2307/j50000432,10.2307/j50000431,A publication (A) ceases and a new one (B) starts as a continuation of the first one
10.2307/j50000438,10.2307/j50000437,A publication (A) ceases and a new one (B) starts as a continuation of the first one
10.2307/j50000440,10.2307/j50000439,A publication (A) ceases and a new one (B) starts as a continuation of the first one
10.2307/j50000442,10.2307/j50000441,A publication (A) ceases and a new one (B) starts as a continuation of the first one
10.2307/j50000443,10.2307/j50000442,A publication (A) ceases and a new one (B) starts as a continuation of the first one
10.2307/j50000445,10.2307/j50000444,A publication (A) ceases and a new one (B) starts as a continuation of the first one
10.2307/j50000450,10.2307/j50000449,A publication (A) ceases and a new one (B) starts as a continuation of the first one
10.2307/j50000452,10.2307/j50000451,A publication (A) ceases and a new one (B) starts as a continuation of the first one
10.2307/j50000454,10.2307/j50000453,A publication (A) ceases and a new one (B) starts as a continuation of the first one
10.2307/j50000455,10.2307/j50000454,A publication (A) ceases and a new one (B) starts as a continuation of the first one
10.2307/j50000456,10.2307/j50000455,A publication (A) ceases and a new one (B) starts as a continuation of the first one
10.2307/j50000457,10.2307/j50000456,A publication (A) ceases and a new one (B) starts as a continuation of the first one
10.2307/j50000460,10.2307/j50000459,A publication (A) ceases and a new one (B) starts as a continuation of the first one
10.2307/j50000462,10.2307/j50000461,A publication (A) ceases and a new one (B) starts as a continuation of the first one
10.2307/j50000466,10.2307/j50000467,A publication (A) ceases and a new one (B) starts as a continuation of the first one
10.2307/j50000469,10.2307/j50000468,A publication (A) ceases and a new one (B) starts as a continuation of the first one
10.2307/j50000472,10.2307/j50000471,A publication (A) ceases and a new one (B) starts as a continuation of the first one
10.2307/j50000477,10.2307/j50000476,A publication (A) ceases and a new one (B) starts as a continuation of the first one
10.2307/j50000478,10.2307/j50000477,A publication (A) ceases and a new one (B) starts as a continuation of the first one
10.2307/j50000480,10.2307/j50000479,A publication (A) ceases and a new one (B) starts as a continuation of the first one
10.2307/j50000481,10.2307/j50000480,A publication (A) ceases and a new one (B) starts as a continuation of the first one
10.2307/j50000485,10.2307/j50000482,Publication A and Publication B are merged to form Journal C. Both A and B cease to exist after the merge.
10.2307/j50000485,10.2307/j50000483,Publication A and Publication B are merged to form Journal C. Both A and B cease to exist after the merge.
10.2307/j50000485,10.2307/j50000484,Publication A and Publication B are merged to form Journal C. Both A and B cease to exist after the merge.
10.2307/j50000487,10.2307/j50000486,A publication (A) ceases and a new one (B) starts as a continuation of the first one
10.2307/j50000488,10.2307/j50000487,A publication (A) ceases and a new one (B) starts as a continuation of the first one
10.2307/j50000489,10.2307/j50000488,A publication (A) ceases and a new one (B) starts as a continuation of the first one
10.2307/j50000490,10.2307/j50000489,A publication (A) ceases and a new one (B) starts as a continuation of the first one
10.2307/j50000505,10.2307/j50000504,A publication (A) ceases and a new one (B) starts as a continuation of the first one
10.2307/j50000511,10.2307/j50000510,A publication (A) ceases and a new one (B) starts as a continuation of the first one
10.2307/j50000519,10.2307/j50000518,A publication (A) ceases and a new one (B) starts as a continuation of the first one
10.2307/j50000521,10.2307/j50000520,A publication (A) ceases and a new one (B) starts as a continuation of the first one
10.2307/j50000524,10.2307/j50000523,A publication (A) ceases and a new one (B) starts as a continuation of the first one
10.2307/j50000526,10.2307/j50000619,A publication (A) ceases and a new one (B) starts as a continuation of the first one
10.2307/j50000527,10.2307/j50000526,A publication (A) ceases and a new one (B) starts as a continuation of the first one
10.2307/j50000534,10.2307/j50000533,A publication (A) ceases and a new one (B) starts as a continuation of the first one
10.2307/j50000544,10.2307/j50000543,A publication (A) ceases and a new one (B) starts as a continuation of the first one
10.2307/j50000546,10.2307/j50000732,Publication A splits into (two or more) Publication B and publication C. Publication A ceases to exist.
10.2307/j50000549,10.2307/j50000548,A publication (A) ceases and a new one (B) starts as a continuation of the first one
10.2307/j50000552,10.2307/j50000732,Publication A splits into (two or more) Publication B and publication C. Publication A ceases to exist.
10.2307/j50000555,10.2307/j50000554,A publication (A) ceases and a new one (B) starts as a continuation of the first one
10.2307/j50000563,10.2307/j50000562,A publication (A) ceases and a new one (B) starts as a continuation of the first one
10.2307/j50000567,10.2307/j50000566,A publication (A) ceases and a new one (B) starts as a continuation of the first one
10.2307/j50000579,10.2307/j50000276,A publication (A) ceases and a new one (B) starts as a continuation of the first one
10.2307/j50000583,10.2307/j50000582,A publication (A) ceases and a new one (B) starts as a continuation of the first one
10.2307/j50000593,10.2307/j50000592,A publication (A) ceases and a new one (B) starts as a continuation of the first one
10.2307/j50000599,10.2307/j50000598,A publication (A) ceases and a new one (B) starts as a continuation of the first one
10.2307/j50000600,10.2307/j50000599,A publication (A) ceases and a new one (B) starts as a continuation of the first one
10.2307/j50000604,10.2307/j50000603,A publication (A) ceases and a new one (B) starts as a continuation of the first one
10.2307/j50000607,10.2307/j50000606,A publication (A) ceases and a new one (B) starts as a continuation of the first one
10.2307/j50000608,10.2307/j50000605,Publication A and Publication B are merged to form Journal C. Both A and B cease to exist after the merge.
10.2307/j50000608,10.2307/j50000607,Publication A and Publication B are merged to form Journal C. Both A and B cease to exist after the merge.
10.2307/j50000616,10.2307/j50000615,A publication (A) ceases and a new one (B) starts as a continuation of the first one
10.2307/j50000617,10.2307/j50000616,A publication (A) ceases and a new one (B) starts as a continuation of the first one
10.2307/j50000623,10.2307/j50000622,A publication (A) ceases and a new one (B) starts as a continuation of the first one
10.2307/j50000625,10.2307/j50000624,A publication (A) ceases and a new one (B) starts as a continuation of the first one
10.2307/j50000627,10.2307/j50000626,A publication (A) ceases and a new one (B) starts as a continuation of the first one
10.2307/j50000629,10.2307/j50000628,A publication (A) ceases and a new one (B) starts as a continuation of the first one
10.2307/j50000631,10.2307/j50000693,A publication (A) ceases and a new one (B) starts as a continuation of the first one
10.2307/j50000635,10.2307/j50000634,A publication (A) ceases and a new one (B) starts as a continuation of the first one
10.2307/j50000636,10.2307/j50000635,A publication (A) ceases and a new one (B) starts as a continuation of the first one
10.2307/j50000637,10.2307/j50000636,A publication (A) ceases and a new one (B) starts as a continuation of the first one
10.2307/j50000638,10.2307/j50000637,A publication (A) ceases and a new one (B) starts as a continuation of the first one
10.2307/j50000640,10.2307/j50000641,A publication (A) ceases and a new one (B) starts as a continuation of the first one
10.2307/j50000644,10.2307/j50000643,A publication (A) ceases and a new one (B) starts as a continuation of the first one
10.2307/j50000645,10.2307/j50000644,A publication (A) ceases and a new one (B) starts as a continuation of the first one
10.2307/j50000646,10.2307/j50000645,A publication (A) ceases and a new one (B) starts as a continuation of the first one
10.2307/j50000653,10.2307/j50000652,A publication (A) ceases and a new one (B) starts as a continuation of the first one
10.2307/j50000656,10.2307/j50000655,A publication (A) ceases and a new one (B) starts as a continuation of the first one
10.2307/j50000658,10.2307/j50000657,A publication (A) ceases and a new one (B) starts as a continuation of the first one
10.2307/j50000666,10.2307/j50000665,A publication (A) ceases and a new one (B) starts as a continuation of the first one
10.2307/j50000671,10.2307/j50000670,A publication (A) ceases and a new one (B) starts as a continuation of the first one
10.2307/j50000677,10.2307/j50000676,A publication (A) ceases and a new one (B) starts as a continuation of the first one
10.2307/j50000678,10.2307/j50000677,A publication (A) ceases and a new one (B) starts as a continuation of the first one
10.2307/j50000680,10.2307/j50000679,A publication (A) ceases and a new one (B) starts as a continuation of the first one
10.2307/j50000681,10.2307/j50000680,A publication (A) ceases and a new one (B) starts as a continuation of the first one
10.2307/j50000684,10.2307/j50000683,A publication (A) ceases and a new one (B) starts as a continuation of the first one
10.2307/j50000685,10.2307/j50000684,A publication (A) ceases and a new one (B) starts as a continuation of the first one
10.2307/j50000690,10.2307/j50000689,A publication (A) ceases and a new one (B) starts as a continuation of the first one
10.2307/j50000703,10.2307/j50000702,A publication (A) ceases and a new one (B) starts as a continuation of the first one
10.2307/j50000710,10.2307/j50000709,A publication (A) ceases and a new one (B) starts as a continuation of the first one
10.2307/j50000712,10.2307/j50000711,A publication (A) ceases and a new one (B) starts as a continuation of the first one
10.2307/j50000715,10.2307/j50000714,A publication (A) ceases and a new one (B) starts as a continuation of the first one
10.2307/j50000719,10.2307/j50000718,A publication (A) ceases and a new one (B) starts as a continuation of the first one
10.2307/j50000720,10.2307/j50000719,A publication (A) ceases and a new one (B) starts as a continuation of the first one
10.2307/j50000723,10.2307/j50000722,A publication (A) ceases and a new one (B) starts as a continuation of the first one
10.2307/j50000726,10.2307/j50000725,A publication (A) ceases and a new one (B) starts as a continuation of the first one
10.2307/j50000729,10.2307/j50000728,A publication (A) ceases and a new one (B) starts as a continuation of the first one
10.2307/j50000733,10.2307/j100031,A publication (A) ceases and a new one (B) starts as a continuation of the first one
